"TP","TN","FP","FN","Sensitivity","Specificity","Precision","FDR","F1","MCC","BalancedAccuracy","angle","tool"
999,13,37,1,0.999,0.26,0.964285714285714,0.0357142857142857,0.981335952848723,0.480884601541784,0.6295,0,"spatialde"
996,14,36,4,0.996,0.28,0.965116279069767,0.0348837209302326,0.980314960629921,0.452812057800941,0.638,30,"spatialde"
991,19,31,9,0.991,0.38,0.969667318982387,0.0303326810176125,0.980217606330366,0.490404501755913,0.6855,45,"spatialde"
1000,8,42,0,1,0.16,0.959692898272553,0.0403071017274472,0.979431929480901,0.391855666953546,0.58,60,"spatialde"
