"angle_a","angle_b","jaccard","pair_label","tool"
0,30,0.992292870905588,"0° vs 30°","spatialde"
0,45,0.986486486486487,"0° vs 45°","spatialde"
0,60,0.992329817833174,"0° vs 60°","spatialde"
30,45,0.99031007751938,"30° vs 45°","spatialde"
30,60,0.98849472674976,"30° vs 60°","spatialde"
45,60,0.980806142034549,"45° vs 60°","spatialde"
