"angle_a","angle_b","tau_rotation","pair_label","tool"
0,30,0.571515730407722,"0° vs 30°","spatialde"
0,45,0.588142260922811,"0° vs 45°","spatialde"
0,60,0.570007562956536,"0° vs 60°","spatialde"
30,45,0.975883148174848,"30° vs 45°","spatialde"
30,60,0.97585205994365,"30° vs 60°","spatialde"
45,60,0.969873545559229,"45° vs 60°","spatialde"
0,30,0.588796177043303,"0° vs 30° (sig only)","spatialde"
0,45,0.594210359427751,"0° vs 45° (sig only)","spatialde"
0,60,0.591094129310433,"0° vs 60° (sig only)","spatialde"
