"angle_a","angle_b","jaccard","pair_label","tool"
0,30,0.989443378119002,"0° vs 30°","spatialde"
0,45,0.990430622009569,"0° vs 45°","spatialde"
0,60,0.989382239382239,"0° vs 60°","spatialde"
30,45,0.991387559808612,"30° vs 45°","spatialde"
30,60,0.988428158148505,"30° vs 60°","spatialde"
45,60,0.981800766283525,"45° vs 60°","spatialde"
