"angle","auprc_any","auprc_strong","auprc_lift_any","auprc_lift_strong","auroc_any","auroc_strong","tau_alpha_overall","tau_alpha_gene","runtime_sec","n_sig","tool"
0,0.997909764790223,0.959186276673132,1.04780525302973,2.01429118101358,0.95953,0.980349090909091,0.834615915043746,0.94152380952381,25.2504854202271,1036,"spatialde"
30,0.959527838836042,0.736718248659421,1.00750423077784,1.54710832218478,0.78285,0.822378181818182,0.533532706199746,0.719619047619048,22.7520723342896,1037,"spatialde"
45,0.958487677981112,0.7399484863634,1.00641206188017,1.55389182136314,0.76556,0.822163636363636,0.532176450622787,0.72,22.1527817249298,1044,"spatialde"
60,0.959603310839587,0.72842436120716,1.00758347638157,1.52969115853504,0.79117,0.819832727272727,0.529836926391378,0.713333333333333,22.1416640281677,1025,"spatialde"
