"angle_a","angle_b","tau_rotation","tool"
0,30,0.961214526914828,"spatialde"
0,45,0.961567960437645,"spatialde"
0,60,0.96142792777026,"spatialde"
30,45,0.999451000908202,"spatialde"
30,60,0.999124826490285,"spatialde"
45,60,0.99942177278462,"spatialde"
