"TP","TN","FP","FN","Sensitivity","Specificity","Precision","FDR","F1","MCC","BalancedAccuracy","angle","tool"
999,13,37,1,0.999,0.26,0.964285714285714,0.0357142857142857,0.981335952848723,0.480884601541784,0.6295,0,"spatialde"
996,9,41,4,0.996,0.18,0.96046287367406,0.0395371263259402,0.977908689248895,0.338950762814879,0.588,30,"spatialde"
999,5,45,1,0.999,0.1,0.956896551724138,0.0431034482758621,0.977495107632094,0.279701195243584,0.5495,45,"spatialde"
993,18,32,7,0.993,0.36,0.968780487804878,0.031219512195122,0.980740740740741,0.493091788813322,0.6765,60,"spatialde"
