"angle","auprc","tau_alpha","runtime_sec","tool"
0,0.998372678183325,0.586964090415219,49.1599686145782,"spatialde"
30,0.998302086068619,0.602326153893483,41.4876096248627,"spatialde"
45,0.998289178205221,0.60226206365234,42.9879868030548,"spatialde"
60,0.998305799444547,0.602288262349061,42.975025177002,"spatialde"
