"angle","auprc_any","auprc_strong","auprc_lift_any","auprc_lift_strong","auroc_any","auroc_strong","tau_alpha_overall","tau_alpha_gene","runtime_sec","n_sig","tool"
0,0.997905885971264,0.959186276673132,1.04780118026983,2.01429118101358,0.95944,0.980349090909091,0.83457162542404,0.94152380952381,45.9040443897247,1036,"spatialde"
30,0.963012837595032,0.736954771093459,1.01116347947478,1.54760501929626,0.79883,0.822694545454545,0.535151108335248,0.719238095238095,42.7688319683075,1032,"spatialde"
45,0.971087037237161,0.7624162587129,1.01964138909902,1.60107414329709,0.83731,0.83108,0.550556762360147,0.733333333333333,44.1089475154877,1022,"spatialde"
60,0.955316907617997,0.732871440548293,1.0030827529989,1.53903002515142,0.76971,0.821625454545455,0.533271446952631,0.715661375721723,42.9464046955109,1042,"spatialde"
