"angle_a","angle_b","tau_rotation","pair_label","tool"
0,30,0.569914956128639,"0° vs 30°","spatialde"
0,45,0.568420020516162,"0° vs 45°","spatialde"
0,60,0.566557233033699,"0° vs 60°","spatialde"
30,45,0.964328743194405,"30° vs 45°","spatialde"
30,60,0.970406250145463,"30° vs 60°","spatialde"
45,60,0.960539886842916,"45° vs 60°","spatialde"
0,30,0.58886332499916,"0° vs 30° (sig only)","spatialde"
0,45,0.590886538712626,"0° vs 45° (sig only)","spatialde"
0,60,0.579716037965118,"0° vs 60° (sig only)","spatialde"
