"tool_label","mean_tau","min_tau","max_tau"
"MORANSI",0.99900555328582,0.998434790503427,0.999753052794044
"NNSVG",0.987070982190143,0.986363430024059,0.988248218257751
"SMASH",0.979972235874994,0.971146935363997,0.987471303859968
"SPARKX",0.856723465213922,0.805672926956813,0.928212549686217
"SPATIALDE",0.775212384660799,0.570007562956536,0.975883148174848
