"tool","tool_label","n_sig_0","n_sig_30","n_sig_45","n_sig_60","n_consistent","n_union","consistency_rate","mean_jaccard"
"moransi","MORANSI",1013,1013,1013,1013,1013,1013,1,1
"nnsvg","NNSVG",1011,1016,1011,1010,1003,1022,0.981409001956947,0.989842907539585
"smash","SMASH",931,909,918,930,904,949,0.952581664910432,0.973659529942339
"sparkx","SPARKX",886,844,858,881,835,904,0.923672566371681,0.956660056829399
"spatialde","SPATIALDE",1036,1032,1022,1042,1022,1044,0.978927203065134,0.988453353588156
