"tool","tool_label","n_sig_0","n_sig_30","n_sig_45","n_sig_60","n_consistent","n_union","consistency_rate","mean_jaccard"
"moransi","MORANSI",1013,1013,1012,1013,1012,1013,0.999012833168806,0.999506416584403
"nnsvg","NNSVG",1011,1014,1011,1010,1003,1022,0.981409001956947,0.989837765226932
"smash","SMASH",931,910,918,930,904,950,0.951578947368421,0.97313495471934
"sparkx","SPARKX",886,844,858,881,835,904,0.923672566371681,0.956660056829399
"spatialde","SPATIALDE",1036,1037,1044,1025,1025,1046,0.979923518164436,0.988478787291909
