"tool_label","mean_tau","min_tau","max_tau"
"MORANSI",0.998704132431492,0.997900948749376,0.999451631939716
"NNSVG",0.987087324284655,0.98634164056471,0.98823006037496
"SMASH",0.979996418549209,0.972388931005596,0.988964013817076
"SPARKX",0.856723465213922,0.805672926956813,0.928212549686217
"SPATIALDE",0.76669451497688,0.566557233033699,0.970406250145463
