"angle_a","angle_b","tau_rotation","pair_label","tool"
0,30,0.974581084646713,"0° vs 30°","smash"
0,45,0.971146935363997,"0° vs 45°","smash"
0,60,0.974398883682122,"0° vs 60°","smash"
30,45,0.987471303859968,"30° vs 45°","smash"
30,60,0.984830849394332,"30° vs 60°","smash"
45,60,0.987404358302832,"45° vs 60°","smash"
0,30,0.980108654645159,"0° vs 30° (sig only)","smash"
0,45,0.980334511663177,"0° vs 45° (sig only)","smash"
0,60,0.980246050810426,"0° vs 60° (sig only)","smash"
