"angle_a","angle_b","tau_rotation","tool"
0,30,0.974955541075505,"smash"
0,45,0.971365911436573,"smash"
0,60,0.974521646213581,"smash"
30,45,0.987705488651869,"smash"
30,60,0.985221974265381,"smash"
45,60,0.987314999430313,"smash"
