"angle","auprc_any","auprc_strong","auprc_lift_any","auprc_lift_strong","auroc_any","auroc_strong","tau_alpha_overall","tau_alpha_gene","runtime_sec","n_sig","tool"
0,0.998566594762723,0.996642443347655,1.04849492450086,2.09294913103007,0.97802,0.9968,0.885632469888545,0.924083799395747,8.82663655281067,931,"smash"
30,0.997928217144631,0.997315588916714,1.04782462800186,2.0943627367251,0.97024,0.997443636363636,0.888328437024462,0.922594487635493,17.3759069442749,909,"smash"
45,0.998337756900351,0.997315588916714,1.04825464474537,2.0943627367251,0.97108,0.997443636363636,0.886391112879932,0.919837278454074,13.4206430912018,918,"smash"
60,0.998245647566555,0.997315588916714,1.04815792994488,2.0943627367251,0.96946,0.997443636363636,0.886209779851521,0.922642386093722,10.5241479873657,930,"smash"
