"angle","auprc_any","auprc_strong","auprc_lift_any","auprc_lift_strong","auroc_any","auroc_strong","tau_alpha_overall","tau_alpha_gene","runtime_sec","n_sig","tool"
0,0.998566594762723,0.996642443347655,1.04849492450086,2.09294913103007,0.97802,0.9968,0.885632469888545,0.924083799395747,3.40056848526001,931,"smash"
30,0.998043467527462,0.997315588916714,1.04794564090384,2.0943627367251,0.97124,0.997443636363636,0.888358078275028,0.922986508268753,3.85099792480469,910,"smash"
45,0.998259998818847,0.997315588916714,1.04817299875979,2.0943627367251,0.97062,0.997443636363636,0.886584053008733,0.919924194468827,3.84557962417603,918,"smash"
60,0.99819030925096,0.997315588916714,1.04809982471351,2.0943627367251,0.96876,0.997443636363636,0.886026244386568,0.922436490981206,3.81833124160767,930,"smash"
