"angle_a","angle_b","jaccard","pair_label","tool"
0,30,0.970021413276231,"0° vs 30°","smash"
0,45,0.964930924548353,"0° vs 45°","smash"
0,60,0.965153115100317,"0° vs 60°","smash"
30,45,0.98371335504886,"30° vs 45°","smash"
30,60,0.973175965665236,"30° vs 60°","smash"
45,60,0.984962406015038,"45° vs 60°","smash"
