"TP","TN","FP","FN","Sensitivity","Specificity","Precision","FDR","F1","MCC","BalancedAccuracy","angle","tool"
931,50,0,69,0.931,1,1,0,0.964267219057483,0.625441020871061,0.9655,0,"smash"
910,50,0,90,0.91,1,1,0,0.952879581151832,0.570087712549569,0.955,30,"smash"
917,49,1,83,0.917,0.98,0.998910675381264,0.00108932461873638,0.956204379562044,0.576194540536672,0.9485,45,"smash"
927,47,3,73,0.927,0.94,0.996774193548387,0.0032258064516129,0.960621761658031,0.580325965132055,0.9335,60,"smash"
