"angle","auprc","tau_alpha","runtime_sec","tool"
0,0.998566594762723,0.88583606858754,8.06891250610352,"smash"
30,0.997825944559299,0.888541714792656,9.13079476356506,"smash"
45,0.998337756900351,0.886570215309389,8.68459033966064,"smash"
60,0.998223875105901,0.886212677437422,8.4740138053894,"smash"
