"angle_a","angle_b","tau_rotation","pair_label","tool"
0,30,0.973185409010351,"0° vs 30°","smash"
0,45,0.972388931005596,"0° vs 45°","smash"
0,60,0.974462779660757,"0° vs 60°","smash"
30,45,0.987329691822407,"30° vs 45°","smash"
30,60,0.983647685979068,"30° vs 60°","smash"
45,60,0.988964013817076,"45° vs 60°","smash"
0,30,0.980108654645159,"0° vs 30° (sig only)","smash"
0,45,0.980334511663177,"0° vs 45° (sig only)","smash"
0,60,0.980246050810426,"0° vs 60° (sig only)","smash"
