"angle","auprc","tau_alpha","runtime_sec"
0,0.997269525796854,0.744519655155401,0.882000000000062
30,0.99564228444456,0.713229795673373,0.693000000000211
45,0.996068383146385,0.71992827989609,0.692000000000007
60,0.997005139028582,0.730690395181832,0.761999999999716
