"angle_a","angle_b","tau_rotation"
0,30,0.826384017026337
0,45,0.837968396619935
0,60,0.861903474566085
30,45,0.934134416539904
30,60,0.860799914497495
45,60,0.901222418019969
