"angle","auprc","tau_alpha","runtime_sec"
0,0.999222283461674,0.782471408964328,0.263
30,0.999751455373571,0.752456916051852,0.241
45,0.997319895399265,0.757312316895849,0.25
60,1,0.779957431706798,0.331
