"angle_a","angle_b","tau_rotation"
0,30,0.811407553542798
0,45,0.819576229337837
0,60,0.854082105904073
30,45,0.938131949857091
30,60,0.857380521033108
45,60,0.900703803775641
