"angle","auprc","tau_alpha","runtime_sec","tool"
0,0.976923317222384,0.524978766352767,394.842,"nnsvg"
30,0.976944401204114,0.528111091819372,281.581,"nnsvg"
45,0.981486333352632,0.534764125446378,230.665,"nnsvg"
60,0.981457995594971,0.531253179025352,228.272,"nnsvg"
