"angle","auprc_any","auprc_strong","auprc_lift_any","auprc_lift_strong","auroc_any","auroc_strong","tau_alpha_overall","tau_alpha_gene","runtime_sec","n_sig","tool"
0,0.997804883344346,0.988618390206736,1.04769512751156,2.07609861943414,0.95738,0.989043636363636,0.862418660671418,0.982095238095238,231.634,1011,"nnsvg"
30,0.997791109296729,0.988569025643923,1.04768066476157,2.07599495385224,0.95728,0.989025454545455,0.862652988300092,0.982857142857143,224.29,1016,"nnsvg"
45,0.997849396509413,0.988715741984471,1.04774186633488,2.07630305816739,0.95842,0.98916,0.863992003321081,0.982666666666667,226.647,1011,"nnsvg"
60,0.997812499284427,0.988805208601581,1.04770312424865,2.07649093806332,0.95766,0.989225454545455,0.862913352331951,0.981333333333333,225.353,1010,"nnsvg"
