"angle_a","angle_b","tau_rotation","tool"
0,30,0.958740415392566,"nnsvg"
0,45,0.960209409465488,"nnsvg"
0,60,0.966051164913194,"nnsvg"
30,45,0.954925133060364,"nnsvg"
30,60,0.958860901311619,"nnsvg"
45,60,0.96004412134103,"nnsvg"
