"TP","TN","FP","FN","Sensitivity","Specificity","Precision","FDR","F1","MCC","BalancedAccuracy","angle","tool"
981,20,30,19,0.981,0.4,0.970326409495549,0.029673590504451,0.975634012928891,0.429044260423583,0.6905,0,"nnsvg"
987,21,29,13,0.987,0.42,0.971456692913386,0.0285433070866142,0.979166666666667,0.489658275695331,0.7035,30,"nnsvg"
984,23,27,16,0.984,0.46,0.973293768545994,0.0267062314540059,0.978617603182496,0.499988586950318,0.722,45,"nnsvg"
983,23,27,17,0.983,0.46,0.973267326732673,0.0267326732673267,0.978109452736318,0.492831031635158,0.7215,60,"nnsvg"
