"angle","auprc_any","auprc_strong","auprc_lift_any","auprc_lift_strong","auroc_any","auroc_strong","tau_alpha_overall","tau_alpha_gene","runtime_sec","n_sig","tool"
0,0.997804883344346,0.988618390206736,1.04769512751156,2.07609861943414,0.95738,0.989043636363636,0.862418660671418,0.982095238095238,165.384999999995,1011,"nnsvg"
30,0.997778856637306,0.988576108384885,1.04766779946917,2.07600982760826,0.95704,0.989032727272727,0.862571159604364,0.982666666666667,162.840000000004,1014,"nnsvg"
45,0.997849396509413,0.988715741984471,1.04774186633488,2.07630305816739,0.95842,0.98916,0.863992003321081,0.982666666666667,166.978000000003,1011,"nnsvg"
60,0.997802660184134,0.988811734523802,1.04769279319334,2.07650464249998,0.95746,0.989225454545455,0.862861279525579,0.981333333333333,170.908000000003,1010,"nnsvg"
