"angle_a","angle_b","jaccard","pair_label","tool"
0,30,0.987254901960784,"0° vs 30°","nnsvg"
0,45,0.990157480314961,"0° vs 45°","nnsvg"
0,60,0.989173228346457,"0° vs 60°","nnsvg"
30,45,0.989205103042198,"30° vs 45°","nnsvg"
30,60,0.992133726647001,"30° vs 60°","nnsvg"
45,60,0.991133004926108,"45° vs 60°","nnsvg"
