"angle_a","angle_b","tau_rotation","pair_label","tool"
0,30,0.986530482545735,"0° vs 30°","nnsvg"
0,45,0.986476008897362,"0° vs 45°","nnsvg"
0,60,0.988248218257751,"0° vs 60°","nnsvg"
30,45,0.986363430024059,"30° vs 45°","nnsvg"
30,60,0.98769258704435,"30° vs 60°","nnsvg"
45,60,0.987115166371601,"45° vs 60°","nnsvg"
0,30,0.986567558833035,"0° vs 30° (sig only)","nnsvg"
0,45,0.986645904946578,"0° vs 45° (sig only)","nnsvg"
0,60,0.987938615820039,"0° vs 60° (sig only)","nnsvg"
