"TP","TN","FP","FN","Sensitivity","Specificity","Precision","FDR","F1","MCC","BalancedAccuracy","angle","tool"
981,20,30,19,0.981,0.4,0.970326409495549,0.029673590504451,0.975634012928891,0.429044260423583,0.6905,0,"nnsvg"
986,22,28,14,0.986,0.44,0.972386587771203,0.0276134122287968,0.979145978152929,0.498567969011113,0.713,30,"nnsvg"
984,23,27,16,0.984,0.46,0.973293768545994,0.0267062314540059,0.978617603182496,0.499988586950318,0.722,45,"nnsvg"
983,23,27,17,0.983,0.46,0.973267326732673,0.0267326732673267,0.978109452736318,0.492831031635158,0.7215,60,"nnsvg"
