"angle_a","angle_b","tau_rotation","pair_label","tool"
0,30,0.986595850923782,"0° vs 30°","nnsvg"
0,45,0.986476008897362,"0° vs 45°","nnsvg"
0,60,0.98823006037496,"0° vs 60°","nnsvg"
30,45,0.98634164056471,"30° vs 45°","nnsvg"
30,60,0.98781242907077,"30° vs 60°","nnsvg"
45,60,0.987067955876345,"45° vs 60°","nnsvg"
0,30,0.986634153029546,"0° vs 30° (sig only)","nnsvg"
0,45,0.986645904946578,"0° vs 45° (sig only)","nnsvg"
0,60,0.987919029291653,"0° vs 60° (sig only)","nnsvg"
