"tool","tool_label","pearson_30","spearman_30","pearson_45","spearman_45","pearson_60","spearman_60"
"moransi","MORANSI",0.999999656823836,0.999997978618186,0.999995664575345,0.999989291859416,0.999999667979932,0.999997978618186
"nnsvg","NNSVG",0.999907150974979,0.999677387462483,0.999914200567247,0.999667881784927,0.999918301306867,0.999754023748386
"smash","SMASH",0.805492885646348,0.997077272815577,0.809603735387843,0.997080980764968,0.845940054359026,0.997417647648353
"sparkx","SPARKX",0.768260185999633,0.945452421778495,0.734929189260792,0.946507157832473,0.808345444935978,0.964610516848739
"spatialde","SPATIALDE",0.609279394561454,0.696760626781524,0.608986365742561,0.694155481262916,0.604198687318916,0.690998887529825
