"angle_a","angle_b","tau_rotation","pair_label","tool"
0,30,0.999437105633483,"0° vs 30°","moransi"
0,45,0.998042580235144,"0° vs 45°","moransi"
0,60,0.999451631939716,"0° vs 60°","moransi"
30,45,0.997900948749376,"30° vs 45°","moransi"
30,60,0.9992446320759,"30° vs 60°","moransi"
45,60,0.998147895955331,"45° vs 60°","moransi"
0,30,0.999414723222612,"0° vs 30° (sig only)","moransi"
0,45,0.997971040505055,"0° vs 45° (sig only)","moransi"
0,60,0.999453741674438,"0° vs 60° (sig only)","moransi"
