"angle_a","angle_b","tau_rotation","pair_label","tool"
0,30,0.998620000907894,"0° vs 30°","moransi"
0,45,0.999262789958691,"0° vs 45°","moransi"
0,60,0.999753052794044,"0° vs 60°","moransi"
30,45,0.998434790503427,"30° vs 45°","moransi"
30,60,0.998598211448545,"30° vs 60°","moransi"
45,60,0.999364474102319,"45° vs 60°","moransi"
0,30,0.998548513592078,"0° vs 30° (sig only)","moransi"
0,45,0.999239140189395,"0° vs 45° (sig only)","moransi"
0,60,0.999750281908314,"0° vs 60° (sig only)","moransi"
