"angle","auprc_any","auprc_strong","auprc_lift_any","auprc_lift_strong","auroc_any","auroc_strong","tau_alpha_overall","tau_alpha_gene","runtime_sec","n_sig","tool"
0,0.997591161702328,0.990214258844829,1.04747071978744,2.07944994357414,0.9535,0.990621818181818,0.866212536564222,0.979619047619048,23.3756108283997,1013,"moransi"
30,0.997586120861275,0.990263629575627,1.04746542690434,2.07955362210882,0.9534,0.990672727272727,0.866026562255751,0.979809523809524,4.75822806358337,1013,"moransi"
45,0.997589917814713,0.990198389652017,1.04746941370545,2.07941661826924,0.95348,0.990610909090909,0.866253450912085,0.979619047619048,4.86064386367798,1013,"moransi"
60,0.997599424800242,0.990213029204645,1.04747939604025,2.07944736132975,0.95366,0.990621818181818,0.866279487315271,0.979809523809524,4.86397624015808,1013,"moransi"
