"angle_a","angle_b","tau_rotation","tool"
0,30,0.997248722551454,"moransi"
0,45,0.999374547021093,"moransi"
0,60,0.999731303606985,"moransi"
30,45,0.9969840246621,"moransi"
30,60,0.997169517637474,"moransi"
45,60,0.99946260352785,"moransi"
