"angle","auprc","tau_alpha","runtime_sec","tool"
0,0.991351462805668,0.588152809992934,19.7874693870544,"moransi"
30,0.991346495462731,0.587025895622065,4.36580848693848,"moransi"
45,0.991349020922659,0.588183189989498,4.2452871799469,"moransi"
60,0.991359404876592,0.588233048947103,4.34797930717468,"moransi"
