"angle","auprc_any","auprc_strong","auprc_lift_any","auprc_lift_strong","auroc_any","auroc_strong","tau_alpha_overall","tau_alpha_gene","runtime_sec","n_sig","tool"
0,0.997591161702328,0.990214258844829,1.04747071978744,2.07944994357414,0.9535,0.990621818181818,0.866212536564222,0.979619047619048,10.6148951053619,1013,"moransi"
30,0.997590648179108,0.990215415622695,1.04747018058806,2.07945237280766,0.95348,0.990625454545455,0.866246011939747,0.979619047619048,2.06049275398254,1013,"moransi"
45,0.997592560155631,0.990231925645001,1.04747218816341,2.0794870438545,0.95352,0.990647272727273,0.866309243204627,0.98,2.16014528274536,1012,"moransi"
60,0.997590514335058,0.990196876728836,1.04747004005181,2.07941344113056,0.95348,0.990610909090909,0.866201378105714,0.979619047619048,2.08940505981445,1013,"moransi"
