"TP","TN","FP","FN","Sensitivity","Specificity","Precision","FDR","F1","MCC","BalancedAccuracy","angle","tool"
984,21,29,16,0.984,0.42,0.97137216189536,0.0286278381046397,0.977645305514158,0.466617242183594,0.702,0,"moransi"
984,21,29,16,0.984,0.42,0.97137216189536,0.0286278381046397,0.977645305514158,0.466617242183594,0.702,30,"moransi"
984,21,29,16,0.984,0.42,0.97137216189536,0.0286278381046397,0.977645305514158,0.466617242183594,0.702,45,"moransi"
984,21,29,16,0.984,0.42,0.97137216189536,0.0286278381046397,0.977645305514158,0.466617242183594,0.702,60,"moransi"
