"angle_a","angle_b","jaccard","pair_label","tool"
0,30,0.937290033594625,"0° vs 30°","sparkx"
0,45,0.950782997762864,"0° vs 45°","sparkx"
0,60,0.96551724137931,"0° vs 60°","sparkx"
30,45,0.972190034762457,"30° vs 45°","sparkx"
30,60,0.944757609921082,"30° vs 60°","sparkx"
45,60,0.969422423556059,"45° vs 60°","sparkx"
