"angle","auprc_any","auprc_strong","auprc_lift_any","auprc_lift_strong","auroc_any","auroc_strong","tau_alpha_overall","tau_alpha_gene","runtime_sec","n_sig","tool"
0,0.998839692082701,0.959149061144161,1.04878167668684,2.01421302840274,0.97656,0.958414545454545,0.742618730703912,0.960190476190476,0.882000000000062,886,"sparkx"
30,0.998065643693101,0.943343549570504,1.04796892587776,1.98102145409806,0.96108,0.943669090909091,0.710513630840878,0.944952380952381,0.693000000000211,844,"sparkx"
45,0.998045801882693,0.944934085283671,1.04794809197683,1.98436157909571,0.96074,0.943492727272727,0.716224347809796,0.942993571202834,0.692000000000007,858,"sparkx"
60,0.998136521706764,0.950136624452811,1.0480433477921,1.9952869113509,0.96258,0.951298181818182,0.727414991339353,0.952380952380953,0.761999999999716,881,"sparkx"
