"angle_a","angle_b","tau_rotation","pair_label","tool"
0,30,0.805672926956813,"0° vs 30°","sparkx"
0,45,0.813420613021052,"0° vs 45°","sparkx"
0,60,0.849669796515736,"0° vs 60°","sparkx"
30,45,0.928212549686217,"30° vs 45°","sparkx"
30,60,0.849367378214859,"30° vs 60°","sparkx"
45,60,0.893997526888856,"45° vs 60°","sparkx"
0,30,0.756873468014844,"0° vs 30° (sig only)","sparkx"
0,45,0.768450452758373,"0° vs 45° (sig only)","sparkx"
0,60,0.811458203165695,"0° vs 60° (sig only)","sparkx"
