"TP","TN","FP","FN","Sensitivity","Specificity","Precision","FDR","F1","MCC","BalancedAccuracy","angle","tool"
886,50,0,114,0.886,1,1,0,0.939554612937434,0.51973257663871,0.943,0,"sparkx"
844,50,0,156,0.844,1,1,0,0.915401301518438,0.45260840572402,0.922,30,"sparkx"
858,50,0,142,0.858,1,1,0,0.923573735199139,0.472691760029726,0.929,45,"sparkx"
881,50,0,119,0.881,1,1,0,0.936735778841042,0.510539800186004,0.9405,60,"sparkx"
