"angle_a","angle_b","tau_rotation","tool"
0,30,0.811407553542798,"sparkx"
0,45,0.819576229337837,"sparkx"
0,60,0.854082105904073,"sparkx"
30,45,0.938131949857091,"sparkx"
30,60,0.857380521033108,"sparkx"
45,60,0.900703803775641,"sparkx"
